{
  "metadata": {
    "n_cities": 50,
    "timestamp": "2025-12-03T13:23:08.441568"
  },
  "results": {
    "nearest_neighbor": {
      "n_runs": 5,
      "time": {
        "mean": 0.00296,
        "std": 0.000486,
        "min": 0.002372,
        "max": 0.003718,
        "median": 0.002854
      },
      "distance": {
        "mean": 694.76,
        "std": 0.0,
        "min": 694.76,
        "max": 694.76,
        "median": 694.76
      },
      "memory_mb": {
        "mean": 0.05,
        "std": 0.0,
        "max": 0.05
      }
    },
    "nearest_insertion": {
      "n_runs": 5,
      "time": {
        "mean": 0.329229,
        "std": 0.048832,
        "min": 0.264712,
        "max": 0.393901,
        "median": 0.322878
      },
      "distance": {
        "mean": 699.63,
        "std": 0.0,
        "min": 699.63,
        "max": 699.63,
        "median": 699.63
      },
      "memory_mb": {
        "mean": 0.05,
        "std": 0.0,
        "max": 0.05
      }
    },
    "farthest_insertion": {
      "n_runs": 5,
      "time": {
        "mean": 0.083251,
        "std": 0.008727,
        "min": 0.070303,
        "max": 0.093351,
        "median": 0.085925
      },
      "distance": {
        "mean": 599.78,
        "std": 0.0,
        "min": 599.78,
        "max": 599.78,
        "median": 599.78
      },
      "memory_mb": {
        "mean": 0.05,
        "std": 0.0,
        "max": 0.05
      }
    },
    "ant_colony": {
      "n_runs": 5,
      "time": {
        "mean": 60.78757,
        "std": 7.777605,
        "min": 54.149298,
        "max": 69.946963,
        "median": 56.457892
      },
      "distance": {
        "mean": 564.25,
        "std": 1.62,
        "min": 562.52,
        "max": 566.56,
        "median": 563.46
      },
      "memory_mb": {
        "mean": 0.16,
        "std": 0.0,
        "max": 0.16
      }
    }
  }
}